{"campaigns":[{"id":690164,"ends_at":null,"form_config":{"name":{"type":"name","is_required":true,"format":"full","title":"Name","_cleaned":true,"order":0,"first_name_title":""},"email":{"type":"email","title":"Email","is_required":true,"order":1,"_cleaned":true}},"trigger_conditions":["and",["device_category","is","desktop"],["campaign_signed_up","is_not","*"],["current_url","does_not_contain","blogs"]],"form_enabled":true,"thank_you_page_enabled":true,"redirect_url":null,"auto_add_coupon":false,"is_ab_variation_of":null,"active":true,"should_captcha":false,"display_config":null,"displays":[{"id":1564727,"type":"ThankYouPage","offer_id":690164,"styles":{"width":400,"height":240,"overlay_color":"#000000","overlay_opacity":33,"bg_color":"#ffffff","bg_image_align":"left","bg_image_repeat":"no-repeat","border_color":"#50e3c2","border_width":2,"border_radius":5,"has_confetti":1,"confetti_amount":118,"confetti_colors":["#f28416","#e83444","#15ddab","#2b73dd"],"bg_align":"center","full_page":false},"auto_show":-1,"auto_show_expiration_time":null,"has_exit_intent":false,"tracking_custom_js":null,"conversion_custom_js":null,"use_default_styles":false,"scroll_trigger_threshold":0,"tab":{"style":"none","text":"Sign up!","position":"top-right","bg_color":"#1b1e22","text_color":"white","is_mobile":false},"mobile_tab":{"style":"none","text":"Sign up!","position":"bottom","bg_color":"#1b1e22","text_color":"white","is_mobile":true},"options":null,"bg_image_url":null,"elements":[{"id":8082096,"type":"TextElement","style":null,"styles":{"z_index":4,"width":260,"top":30,"left":70,"margin_bottom":10,"margin_top":0,"text_color":"#333333","text_align":"center","font":"Lato","font_size":32,"font_weight":300,"letter_spacing":0.5,"is_italic":false,"bg_opacity":100,"border_width":0,"border_radius":0},"pseudo_type":null,"text":"<div style=\"font-family: 'Lato'; font-size: 32px; font-weight: 300; letter-spacing: 0.5px; color: #333333; text-align: center; \">Thanks!</div>"},{"id":8082097,"type":"TextElement","style":null,"styles":{"z_index":3,"width":260,"top":85,"left":70,"margin_bottom":10,"margin_top":0,"text_color":"#333333","text_align":"center","font":"Lato","font_size":17,"font_weight":400,"letter_spacing":0,"is_italic":false,"bg_opacity":100,"border_width":0,"border_radius":0},"pseudo_type":null,"text":"<div style=\"font-family: 'Lato'; font-size: 17px; font-weight: 400; letter-spacing: 0px; color: #333333; text-align: center; \">You're all signed up.</div>"},{"id":8082099,"type":"TextElement","style":null,"styles":{"is_italic":true,"font_size":16,"font":"Lato","text_align":"center","z_index":1,"width":260,"top":145,"left":70,"margin_bottom":10,"margin_top":0,"text_color":"#333333","font_weight":400,"letter_spacing":0,"bg_opacity":100,"border_width":0,"border_radius":0},"pseudo_type":null,"text":"<div style=\"font-family: 'Lato'; font-size: 16px; font-weight: 400; font-style: italic; letter-spacing: 0px; color: #333333; text-align: center; \"><div style=\"font-family: 'Lato'; font-size: 16px; font-weight: 400; font-style: italic; letter-spacing: 0px; color: #333333; text-align: center; \">Share the love!</div></div>"},{"id":8082100,"type":"SharingLinksElement","style":null,"styles":{"width":260,"height":30,"sharethis":{"alignment":"center","container":"share-buttons-container","labels":"none","enabled":true,"font_size":11,"padding":8,"radius":40,"networks":["delicious","email","facebook","linkedin","twitter"],"size":32,"show_mobile_buttons":true,"spacing":3,"show_total":false},"z_index":0,"top":180,"left":70,"margin_bottom":10,"margin_top":0,"text_color":"#333333","text_align":"left","font":"Lato","font_size":16,"font_weight":400,"letter_spacing":0,"is_italic":false,"bg_opacity":100,"border_width":0,"border_radius":0},"pseudo_type":null,"text":null},{"id":8082098,"type":"TextElement","style":null,"styles":{"z_index":2,"width":260,"top":116,"left":70,"margin_bottom":10,"margin_top":0,"text_color":"#333333","text_align":"center","font":"Lato","font_size":14,"font_weight":700,"letter_spacing":0,"is_italic":false,"bg_opacity":100,"border_width":0,"border_radius":0},"pseudo_type":null,"text":"<div style=\"text-align:center\"><span style=\"letter-spacing:0px\"><span style=\"font-weight:700\"><span style=\"font-size:14px\"><span style=\"font-family:Lato\"><span style=\"color:rgb(51, 51, 51)\">Please check your email for your code</span></span></span></span></span></div>"}]},{"id":1564752,"type":"Popup","offer_id":690164,"styles":{"width":730,"height":375,"overlay_color":"#50dee3","overlay_opacity":37,"bg_color":"#ffffff","bg_image_align":"left","bg_image_repeat":"no-repeat","border_color":"#ffffff","border_width":2,"border_radius":3,"bg_align":"center","full_page":false},"auto_show":10000,"auto_show_expiration_time":86400,"has_exit_intent":false,"tracking_custom_js":null,"conversion_custom_js":null,"use_default_styles":false,"scroll_trigger_threshold":0,"tab":{"is_mobile":false,"style":"basic","position":"side-right","bg_color":"#072a40","text":"Save 20%","text_color":"white","photo_url":null,"messageType":"rerender tab","font":"Open Sans"},"mobile_tab":{"is_mobile":true,"style":"basic","position":"bottom","bg_color":"#2cc3c3","text":"Sign Up!","text_color":"white","photo_url":null,"font":"Lato"},"options":null,"bg_image_url":null,"elements":[{"id":8082231,"type":"ImageElement","style":null,"styles":{"width":315,"z_index":5,"top":10,"left":10,"margin_bottom":10,"tab_index":2,"margin_top":0,"text_color":"#333333","text_align":"left","font":"Lato","font_size":16,"font_weight":400,"letter_spacing":0,"is_italic":false,"bg_opacity":100,"border_width":0,"border_radius":0,"height":356,"link":"https://saltyscales.com/products/womens-scallop-long-sleeve"},"pseudo_type":null,"photo_url":"https://assets.privy.com/picture_photos/3509206/medium/79b10560940e4a929b915db3165a561b?1701216174","text":null},{"id":8082235,"type":"TextElement","style":null,"styles":{"z_index":4,"width":370,"top":5,"left":345,"margin_bottom":10,"tab_index":1,"margin_top":0,"text_color":"#f56260","text_align":"center","font":"Montserrat","font_size":43,"font_weight":600,"letter_spacing":0.5,"is_italic":false,"bg_opacity":100,"border_width":0,"border_radius":0,"height":77,"render_as_html":true},"pseudo_type":null,"text":"<div style=\"text-align:center\"><div style=\"text-align:center\"><div style=\"text-align:left\"><span style=\"font-family:Oswald\"><span style=\"color:rgb(80, 227, 194)\"><span style=\"font-size:60px\">Don&#x27;t Miss Out</span></span></span><span style=\"font-family:Oswald\"><span style=\"color:rgb(80, 227, 194)\"><span style=\"letter-spacing:0.5px\"><span style=\"font-weight:600\"><span style=\"font-size:60px\"> </span></span></span></span></span></div><div style=\"text-align:left\"><span style=\"font-family:Oswald\">﻿</span></div></div></div>"},{"id":8082237,"type":"TextElement","style":null,"styles":{"z_index":7,"width":395,"top":302.5,"left":330,"margin_bottom":10,"tab_index":7,"height":40,"margin_top":0,"text_color":"#333333","text_align":"left","font":"Lato","font_size":16,"font_weight":400,"letter_spacing":0,"is_italic":false,"bg_opacity":100,"border_width":0,"border_radius":0},"pseudo_type":null,"text":"<div style=\"text-align:center\"><span style=\"letter-spacing:0px\"><span style=\"font-weight:400\"><span style=\"font-size:11px\"><span style=\"font-family:Arial\"><span style=\"color:rgb(155, 155, 155)\">* By completing this form you are signing up to receive our emails. We pledge to protect your information and promise to never share, sell or distribute.. </span></span></span></span></span></div>"},{"id":8082236,"type":"TextElement","style":null,"styles":{"z_index":3,"width":400,"top":109,"left":332,"margin_bottom":10,"tab_index":4,"margin_top":0,"text_color":"#333333","text_align":"center","font":"Lato","font_size":16,"font_weight":400,"letter_spacing":0,"is_italic":false,"bg_opacity":100,"border_width":0,"border_radius":0,"height":35,"render_as_html":true},"pseudo_type":null,"text":"<div style=\"text-align:center\"><div style=\"text-align:center\"><div style=\"text-align:center\"><p style=\"text-align:left\"><span style=\"font-size:18px\"><span style=\"color:rgb(104, 101, 101)\"><span style=\"font-family:Caveat\">Join our email list to receive special updates and exclusive offers.</span></span></span></p></div></div></div>"},{"id":8082232,"type":"FormElement","style":"vertical","styles":{"width":370,"margin_bottom":15,"font_size":16,"font_weight":500,"input_height":38,"input_margin":10,"input_bg_color":"#ffffff","input_border_color":"#d9d7d7","input_border_width":1,"input_border_radius":2,"input_placeholder_color":"#676868","z_index":2,"top":162,"left":341,"margin_top":0,"text_color":"#333333","text_align":"left","font":"Open Sans","letter_spacing":0,"is_italic":false,"bg_opacity":100,"border_width":0,"border_radius":0,"height":36,"tab_index":5},"pseudo_type":null,"text":null},{"id":8082233,"type":"ButtonElement","style":"flat","styles":{"width":370,"height":40,"z_index":1,"top":257,"left":336,"text_color":"#ffffff","text_align":"center","font_size":22,"font":"Oswald","bg_color":"#2cc3c3","border_radius":6,"margin_bottom":10,"tab_index":6,"margin_top":0,"font_weight":400,"letter_spacing":0,"is_italic":false,"bg_opacity":100,"border_width":0},"pseudo_type":null,"text":"Sign Up"},{"id":8082234,"type":"TextElement","style":null,"styles":{"z_index":6,"width":395,"top":82.5,"left":330,"margin_bottom":10,"tab_index":3,"render_as_html":true,"height":24,"margin_top":0,"text_color":"#333333","text_align":"left","font":"Lato","font_size":16,"font_weight":400,"letter_spacing":0,"is_italic":false,"bg_opacity":100,"border_width":0,"border_radius":0},"pseudo_type":null,"text":"<div style=\"text-align:left\"><div style=\"text-align:left\"><span style=\"font-size:18px\"><span style=\"font-family:Oswald\">Receive 20% Off your first order when you signup today!</span></span></div></div>"}]}],"display_preview":null},{"id":690525,"ends_at":null,"form_config":{"email":{"type":"email","title":"Email","is_required":true,"order":2}},"trigger_conditions":["and",["current_url","contains","checkout"]],"form_enabled":true,"thank_you_page_enabled":true,"redirect_url":null,"auto_add_coupon":false,"is_ab_variation_of":null,"active":true,"should_captcha":false,"display_config":null,"displays":[{"id":1565715,"type":"Flyout","offer_id":690525,"styles":{"location":"right","width":420,"height":426,"bg_color":"#ffffff","border_color":"#aeaeae","border_width":0,"border_radius":20,"bg_image_align":"left","bg_image_repeat":"no-repeat","bg_align":"center","full_page":false},"auto_show":-1,"auto_show_expiration_time":604800,"has_exit_intent":true,"tracking_custom_js":null,"conversion_custom_js":null,"use_default_styles":false,"scroll_trigger_threshold":0,"tab":{"is_mobile":false,"style":"none","position":"top-left","bg_color":"#f5a623","text":"Get 10% off!","text_color":"white","photo_url":null},"mobile_tab":{"is_mobile":true,"style":"none","position":"bottom","bg_color":"#f5a623","text":"Get 10% off!","text_color":"white","photo_url":null},"options":null,"bg_image_url":null,"elements":[{"id":8087245,"type":"ImageElement","style":null,"styles":{"width":140,"z_index":6,"top":8,"left":15,"margin_bottom":10,"height":83,"margin_top":0,"text_color":"#333333","text_align":"left","font":"Lato","font_size":16,"font_weight":400,"letter_spacing":0,"is_italic":false,"bg_opacity":100,"border_width":0,"border_radius":0},"pseudo_type":null,"photo_url":"https://assets.privy.com/picture_photos/942193/medium/d72ae971b4534fc3b59d6884521278ec?1546363206","text":null},{"id":8087225,"type":"TextElement","style":null,"styles":{"z_index":4,"top":363,"left":33,"width":350,"margin_bottom":10,"height":45,"margin_top":0,"text_color":"#333333","text_align":"left","font":"Lato","font_size":16,"font_weight":400,"letter_spacing":0,"is_italic":false,"bg_opacity":100,"border_width":0,"border_radius":0},"pseudo_type":null,"text":"<div style=\"text-align:center\"><span style=\"font-size:11px\"><span style=\"letter-spacing:0px\"><span style=\"color:#9b9b9b\"><span style=\"font-family:Arial\"><span style=\"font-weight:400\">* By completing this form you are signing up to receive our emails and can unsubscribe at any time.</span></span></span></span></span><span style=\"letter-spacing:0px\"><span style=\"font-weight:400\"><span style=\"font-size:16px\"><span style=\"font-family:Lato\"><span style=\"color:rgb(51, 51, 51)\"></span></span></span></span></span></div>"},{"id":8087228,"type":"TextElement","style":null,"styles":{"z_index":3,"top":63,"left":7.5,"width":405,"margin_bottom":10,"height":64,"margin_top":0,"text_color":"#333333","text_align":"left","font":"Lato","font_size":16,"font_weight":400,"letter_spacing":0,"is_italic":false,"bg_opacity":100,"border_width":0,"border_radius":0},"pseudo_type":null,"text":"<div style=\"text-align:left\"><div style=\"text-align:center\"><span style=\"color:rgba(80, 227, 194, 1)\"><span style=\"font-size:72px\"><strong><span style=\"letter-spacing:0px\"><span style=\"font-weight:400\"><span style=\"font-family:Oswald\">Wait!</span></span></span></strong></span></span></div></div>"},{"id":8087226,"type":"FormElement","style":"vertical","styles":{"width":340,"margin_bottom":15,"font_size":16,"font_weight":500,"input_height":46,"input_margin":10,"input_bg_color":"#ffffff","input_border_color":"#9b9b9b","input_border_width":1,"input_border_radius":2,"input_placeholder_color":"#9b9b9b","z_index":2,"top":258,"left":45,"margin_top":0,"text_color":"#4a4a4a","text_align":"left","font":"Lato","letter_spacing":0,"is_italic":false,"bg_opacity":100,"border_width":0,"border_radius":0,"height":56},"pseudo_type":null,"text":null},{"id":8087229,"type":"ButtonElement","style":"flat","styles":{"width":340,"height":50,"text_color":"#ffffff","font_size":18,"font":"Open Sans","text_align":"center","bg_color":"#0dcca1","border_radius":4,"z_index":1,"top":308.984375,"left":45,"margin_bottom":10,"margin_top":0,"font_weight":400,"letter_spacing":0,"is_italic":false,"bg_opacity":100,"border_width":0},"pseudo_type":null,"text":"Yes I Want to Save 15%"},{"id":8087227,"type":"TextElement","style":null,"styles":{"z_index":5,"top":158,"left":60,"width":300,"margin_bottom":10,"height":82,"margin_top":0,"text_color":"#333333","text_align":"left","font":"Lato","font_size":16,"font_weight":400,"letter_spacing":0,"is_italic":false,"bg_opacity":100,"border_width":0,"border_radius":0},"pseudo_type":null,"text":"<div style=\"text-align:left\"><div style=\"text-align:center\"><span style=\"letter-spacing:0px\"><span style=\"font-family:&quot;Open Sans&quot;\"><span style=\"color:rgb(155, 155, 155)\"><span style=\"font-size:14px\"><strong>Save 15% off your purchase now, just enter your email address and we will EMAIL you a code, good for a limited time. </strong></span></span></span></span></div></div>"}]},{"id":1565708,"type":"ThankYouPage","offer_id":690525,"styles":{"width":400,"height":240,"overlay_color":"#000000","overlay_opacity":33,"bg_color":"rgba(231, 248, 243, 1)","bg_image_align":"left","bg_image_repeat":"no-repeat","border_color":"#272727","border_width":2,"border_radius":5,"has_confetti":1,"confetti_amount":120,"confetti_colors":["#f28416","#e83444","#15ddab","#2b73dd"],"bg_align":"center","full_page":false},"auto_show":-1,"auto_show_expiration_time":null,"has_exit_intent":false,"tracking_custom_js":null,"conversion_custom_js":null,"use_default_styles":false,"scroll_trigger_threshold":0,"tab":{"style":"none","text":"Sign up!","position":"top-right","bg_color":"#1b1e22","text_color":"white","is_mobile":false,"font":"Lato"},"mobile_tab":{"style":"none","text":"Sign up!","position":"bottom","bg_color":"#1b1e22","text_color":"white","is_mobile":true,"font":"Lato"},"options":null,"bg_image_url":null,"elements":[{"id":8087190,"type":"TextElement","style":null,"styles":{"z_index":4,"width":260,"top":30,"left":70,"margin_bottom":10,"tab_index":1,"margin_top":0,"text_color":"#333333","text_align":"center","font":"Lato","font_size":32,"font_weight":300,"letter_spacing":0.5,"is_italic":false,"bg_opacity":100,"border_width":0,"border_radius":0},"pseudo_type":null,"text":"<div style=\"font-family: 'Lato'; font-size: 32px; font-weight: 300; letter-spacing: 0.5px; color: #333333; text-align: center; \">Thanks!</div>"},{"id":8087191,"type":"TextElement","style":null,"styles":{"z_index":3,"width":260,"top":85,"left":70,"margin_bottom":10,"tab_index":2,"margin_top":0,"text_color":"#333333","text_align":"center","font":"Lato","font_size":17,"font_weight":400,"letter_spacing":0,"is_italic":false,"bg_opacity":100,"border_width":0,"border_radius":0},"pseudo_type":null,"text":"<div style=\"font-family: 'Lato'; font-size: 17px; font-weight: 400; letter-spacing: 0px; color: #333333; text-align: center; \">You're all signed up.</div>"},{"id":8087192,"type":"TextElement","style":null,"styles":{"z_index":2,"width":260,"top":116,"left":70,"margin_bottom":10,"tab_index":3,"margin_top":0,"text_color":"#333333","text_align":"center","font":"Lato","font_size":14,"font_weight":700,"letter_spacing":0,"is_italic":false,"bg_opacity":100,"border_width":0,"border_radius":0},"pseudo_type":null,"text":"<div style=\"text-align:center\">Use code: <span style=\"letter-spacing:0px\"><span style=\"font-weight:700\"><span style=\"font-size:14px\"><span style=\"font-family:Lato\"><span style=\"color:rgb(51, 51, 51)\">{{ signup.coupon_code }}</span></span></span></span></span></div>"},{"id":8087193,"type":"TextElement","style":null,"styles":{"z_index":1,"width":260,"top":145,"left":70,"margin_bottom":10,"tab_index":4,"is_italic":true,"font_size":16,"font":"Lato","text_align":"center","margin_top":0,"text_color":"#333333","font_weight":400,"letter_spacing":0,"bg_opacity":100,"border_width":0,"border_radius":0},"pseudo_type":null,"text":"<div style=\"font-family: 'Lato'; font-size: 16px; font-weight: 400; font-style: italic; letter-spacing: 0px; color: #333333; text-align: center; \"><div style=\"font-family: 'Lato'; font-size: 16px; font-weight: 400; font-style: italic; letter-spacing: 0px; color: #333333; text-align: center; \">Share the love!</div></div>"},{"id":8087194,"type":"SharingLinksElement","style":null,"styles":{"width":260,"height":30,"z_index":0,"top":180,"left":70,"margin_bottom":10,"tab_index":5,"sharethis":{"alignment":"center","container":"share-buttons-container","labels":"none","enabled":true,"font_size":11,"padding":8,"radius":40,"networks":["digg","email","facebook","googleplus","twitter"],"size":32,"show_mobile_buttons":true,"spacing":3,"show_total":false},"margin_top":0,"text_color":"#333333","text_align":"left","font":"Lato","font_size":16,"font_weight":400,"letter_spacing":0,"is_italic":false,"bg_opacity":100,"border_width":0,"border_radius":0},"pseudo_type":null,"text":null}]}],"display_preview":null},{"id":1120855,"ends_at":null,"form_config":{"name":{"type":"name","is_required":true,"format":"first","title":"Name","_cleaned":true,"order":0,"first_name_title":""},"email":{"type":"email","title":"Email","is_required":true,"order":1,"_cleaned":true}},"trigger_conditions":["and",["current_url","contains","https://saltyscales.com/blogs/articles\nhttps://saltyscales.com/blogs"],["campaign_signed_up","is_not","*"]],"form_enabled":true,"thank_you_page_enabled":true,"redirect_url":null,"auto_add_coupon":false,"is_ab_variation_of":null,"active":true,"should_captcha":false,"display_config":null,"displays":[{"id":2437923,"type":"ThankYouPage","offer_id":1120855,"styles":{"width":400,"height":240,"overlay_color":"#000000","overlay_opacity":33,"bg_color":"#ffffff","bg_image_align":"left","bg_image_repeat":"no-repeat","border_color":"#272727","border_width":2,"border_radius":5,"has_confetti":1,"confetti_amount":120,"confetti_colors":["#f28416","#e83444","#15ddab","#2b73dd"],"bg_align":"center","full_page":false},"auto_show":-1,"auto_show_expiration_time":null,"has_exit_intent":false,"tracking_custom_js":null,"conversion_custom_js":null,"use_default_styles":false,"scroll_trigger_threshold":0,"tab":{"style":"none","text":"Sign up!","position":"top-right","bg_color":"#1b1e22","text_color":"white","is_mobile":false},"mobile_tab":{"style":"none","text":"Sign up!","position":"bottom","bg_color":"#1b1e22","text_color":"white","is_mobile":true},"options":null,"bg_image_url":null,"elements":[{"id":12576566,"type":"TextElement","style":null,"styles":{"z_index":4,"width":260,"top":30,"left":70,"margin_bottom":10,"margin_top":0,"text_color":"#333333","text_align":"center","font":"Lato","font_size":32,"font_weight":300,"letter_spacing":0.5,"is_italic":false,"bg_opacity":100,"border_width":0,"border_radius":0},"pseudo_type":null,"text":"<div style=\"font-family: 'Lato'; font-size: 32px; font-weight: 300; letter-spacing: 0.5px; color: #333333; text-align: center; \">Thanks!</div>"},{"id":12576567,"type":"TextElement","style":null,"styles":{"z_index":3,"width":260,"top":85,"left":70,"margin_bottom":10,"margin_top":0,"text_color":"#333333","text_align":"center","font":"Lato","font_size":17,"font_weight":400,"letter_spacing":0,"is_italic":false,"bg_opacity":100,"border_width":0,"border_radius":0},"pseudo_type":null,"text":"<div style=\"font-family: 'Lato'; font-size: 17px; font-weight: 400; letter-spacing: 0px; color: #333333; text-align: center; \">You're all signed up.</div>"},{"id":12576568,"type":"TextElement","style":null,"styles":{"z_index":2,"width":260,"top":116,"left":70,"margin_bottom":10,"margin_top":0,"text_color":"#333333","text_align":"center","font":"Lato","font_size":14,"font_weight":700,"letter_spacing":0,"is_italic":false,"bg_opacity":100,"border_width":0,"border_radius":0},"pseudo_type":null,"text":"<div style=\"font-family: 'Lato'; font-size: 14px; font-weight: 700; letter-spacing: 0px; color: #333333; text-align: center; \">{{ signup.coupon_code }}</div>"},{"id":12576569,"type":"TextElement","style":null,"styles":{"is_italic":true,"font_size":16,"font":"Lato","text_align":"center","z_index":1,"width":260,"top":145,"left":70,"margin_bottom":10,"margin_top":0,"text_color":"#333333","font_weight":400,"letter_spacing":0,"bg_opacity":100,"border_width":0,"border_radius":0},"pseudo_type":null,"text":"<div style=\"font-family: 'Lato'; font-size: 16px; font-weight: 400; font-style: italic; letter-spacing: 0px; color: #333333; text-align: center; \"><div style=\"font-family: 'Lato'; font-size: 16px; font-weight: 400; font-style: italic; letter-spacing: 0px; color: #333333; text-align: center; \">Share the love!</div></div>"},{"id":12576570,"type":"SharingLinksElement","style":null,"styles":{"width":260,"height":30,"sharethis":{"alignment":"center","container":"share-buttons-container","labels":"none","enabled":true,"font_size":11,"padding":8,"radius":40,"networks":["facebook","twitter","email"],"size":32,"show_mobile_buttons":true,"spacing":3,"show_total":false},"z_index":0,"top":180,"left":70,"margin_bottom":10,"margin_top":0,"text_color":"#333333","text_align":"left","font":"Lato","font_size":16,"font_weight":400,"letter_spacing":0,"is_italic":false,"bg_opacity":100,"border_width":0,"border_radius":0},"pseudo_type":null,"text":null}]},{"id":2437922,"type":"Popup","offer_id":1120855,"styles":{"width":560,"height":396,"overlay_color":"#000000","overlay_opacity":33,"bg_color":"rgba(255, 255, 255, 1)","bg_image_align":"left","bg_image_repeat":"no-repeat","border_color":"#000000","border_width":0,"border_radius":11,"bg_align":"center","full_page":false},"auto_show":30000,"auto_show_expiration_time":86400,"has_exit_intent":false,"tracking_custom_js":null,"conversion_custom_js":null,"use_default_styles":false,"scroll_trigger_threshold":0,"tab":{"is_mobile":false,"style":"basic","position":"top-right","bg_color":"#072a40","text":"Get 10% off!","text_color":"white","photo_url":null,"font":"Lato","messageType":"rerender tab"},"mobile_tab":{"is_mobile":true,"style":"basic","position":"bottom","bg_color":"#072a40","text":"Get 10% off!","text_color":"white","photo_url":null,"font":"Lato","messageType":"rerender tab"},"options":null,"bg_image_url":null,"elements":[{"id":12576561,"type":"TextElement","style":null,"styles":{"z_index":5,"width":365,"top":333,"left":97.5,"margin_bottom":10,"tab_index":5,"height":52,"margin_top":0,"text_color":"#333333","text_align":"left","font":"Lato","font_size":16,"font_weight":400,"letter_spacing":0,"is_italic":false,"bg_opacity":100,"border_width":0,"border_radius":0},"pseudo_type":null,"text":"<div style=\"font-family: 'Lato'; font-size: 16px; font-weight: 400; letter-spacing: 0px; color: #333333; text-align: left; \"><div style=\"text-align: center;\"><span style=\"font-family: &quot;Open Sans&quot;; font-size: 11px; letter-spacing: 0px;\"><font color=\"#9b9b9b\">*By completing this form you are signing up to receive our emails and can unsubscribe at any time.</font></span></div></div>"},{"id":12576565,"type":"TextElement","style":null,"styles":{"z_index":4,"width":495,"top":107,"left":32.5,"margin_bottom":10,"tab_index":2,"height":60,"margin_top":0,"text_color":"#333333","text_align":"left","font":"Lato","font_size":16,"font_weight":400,"letter_spacing":0,"is_italic":false,"bg_opacity":100,"border_width":0,"border_radius":0},"pseudo_type":null,"text":"<div style=\"text-align:center\"><span style=\"font-family:&quot;Open Sans&quot;\">AS A BONUS </span><span style=\"font-family:&quot;Open Sans&quot;\"><span style=\"letter-spacing:0px\"><span style=\"color:rgb(155, 155, 155)\"><strong><span style=\"font-weight:400\"><span style=\"font-size:16px\">ENTER YOUR EMAIL TO GET YOUR 10% OFF DISCOUNT CODE.</span></span></strong></span></span></span></div>"},{"id":12576563,"type":"TextElement","style":null,"styles":{"z_index":3,"width":490,"top":29,"left":35,"margin_bottom":10,"tab_index":1,"height":71,"margin_top":0,"text_color":"#333333","text_align":"left","font":"Lato","font_size":16,"font_weight":400,"letter_spacing":0,"is_italic":false,"bg_opacity":100,"border_width":0,"border_radius":0},"pseudo_type":null,"text":"<div style=\"text-align:left\"><div style=\"text-align:center\"><span style=\"color:rgba(5, 208, 154, 1)\"><span style=\"font-size:24px\"><span style=\"font-family:&quot;Open Sans&quot;\"><span style=\"letter-spacing:0px\"><span style=\"font-weight:400\"><strong>Want to Be Notified via Our Newsletter When We Publish Informative Articles?</strong></span></span></span></span></span></div></div>"},{"id":12576562,"type":"FormElement","style":"vertical","styles":{"width":415,"margin_bottom":15,"font_size":16,"font_weight":500,"input_height":46,"input_margin":10,"input_bg_color":"#ffffff","input_border_color":"#9b9b9b","input_border_width":1,"input_border_radius":2,"input_placeholder_color":"#028d47","z_index":2,"top":169,"left":72.5,"margin_top":0,"text_color":"#4a4a4a","text_align":"left","font":"Lato","letter_spacing":0,"is_italic":false,"bg_opacity":100,"border_width":0,"border_radius":0,"height":101,"tab_index":3},"pseudo_type":null,"text":null},{"id":12576564,"type":"ButtonElement","style":"flat","styles":{"width":415,"height":55,"z_index":1,"top":278,"left":72.5,"text_color":"#ffffff","text_align":"center","font_size":20,"font":"Lato","bg_color":"#4a90e2","border_radius":4,"margin_bottom":10,"tab_index":4,"margin_top":0,"font_weight":400,"letter_spacing":0,"is_italic":false,"bg_opacity":100,"border_width":0},"pseudo_type":null,"text":"Reveal Code"}]}],"display_preview":null},{"id":1983812,"ends_at":null,"form_config":{"name":{"is_required":true,"format":"first","type":"name","order":0,"expanded":true},"email":{"title":"Email","is_required":true,"type":"email","order":1},"coupon_code":{"is_required":true,"type":"hidden","value":"{{coupon_code}}","order":2,"expanded":false}},"trigger_conditions":["and",["device_category","is","mobile"],["campaign_signed_up","is_not","*"]],"form_enabled":true,"thank_you_page_enabled":true,"redirect_url":null,"auto_add_coupon":false,"is_ab_variation_of":null,"active":true,"should_captcha":false,"display_config":null,"displays":[{"id":3626324,"type":"ThankYouPage","offer_id":1983812,"styles":{"width":400,"height":240,"overlay_color":"#000000","overlay_opacity":33,"bg_color":"#ffffff","bg_image_align":"left","bg_image_repeat":"no-repeat","border_color":"#272727","border_width":2,"border_radius":5,"has_confetti":1,"confetti_amount":120,"confetti_colors":["#50e3c2","#000000","#50e3c2","#1427e6"],"bg_align":"center","full_page":false},"auto_show":-1,"auto_show_expiration_time":null,"has_exit_intent":false,"tracking_custom_js":null,"conversion_custom_js":null,"use_default_styles":false,"scroll_trigger_threshold":0,"tab":{"style":"none","text":"Sign up!","position":"top-right","bg_color":"#1b1e22","text_color":"white","font":"Lato","is_mobile":false},"mobile_tab":{"style":"none","text":"Sign up!","position":"bottom","bg_color":"#1b1e22","text_color":"white","font":"Lato","is_mobile":true},"options":null,"bg_image_url":null,"elements":[{"id":18990025,"type":"TextElement","style":null,"styles":{"z_index":4,"width":260,"top":30,"left":70,"margin_bottom":10,"tab_index":1,"margin_top":0,"text_color":"#333333","text_align":"center","font":"Lato","opt_in_font":"Lato","font_size":32,"opt_in_font_size":16,"font_weight":300,"letter_spacing":0.5,"is_italic":false,"bg_opacity":100,"border_width":0,"border_radius":0},"pseudo_type":null,"text":"<div style=\"font-family: 'Lato'; font-size: 32px; font-weight: 300; letter-spacing: 0.5px; color: #333333; text-align: center; \">Thanks!</div>"},{"id":18990026,"type":"TextElement","style":null,"styles":{"z_index":3,"width":260,"top":85,"left":70,"margin_bottom":10,"tab_index":2,"margin_top":0,"text_color":"#333333","text_align":"center","font":"Lato","opt_in_font":"Lato","font_size":17,"opt_in_font_size":16,"font_weight":400,"letter_spacing":0,"is_italic":false,"bg_opacity":100,"border_width":0,"border_radius":0},"pseudo_type":null,"text":"<div style=\"text-align:center\"><span style=\"letter-spacing:0px\"><span style=\"font-weight:400\"><span style=\"font-size:17px\"><span style=\"font-family:Lato\"><span style=\"color:rgb(51, 51, 51)\">You&#x27;re all signed up. Please check your email for your code.</span></span></span></span></span></div>"},{"id":21867345,"type":"TextElement","style":null,"styles":{"z_index":6,"width":250,"top":150,"left":75,"margin_bottom":10,"tab_index":3,"margin_top":0,"text_color":"#333333","text_align":"left","font":"Lato","opt_in_font":"Lato","font_size":16,"opt_in_font_size":16,"font_weight":400,"letter_spacing":0,"is_italic":false,"bg_opacity":100,"border_width":0,"border_radius":0,"height":45},"pseudo_type":null,"text":"<div style=\"font-family: 'Lato'; font-size: 16px; font-weight: 400; letter-spacing: 0px; color: #333333; text-align: left; \"><div style=\"text-align:center\"><span style=\"font-size:24px\"><span style=\"font-weight:700\"><span style=\"letter-spacing:0px\"><span style=\"font-family:Lato\"><span style=\"color:rgb(51, 51, 51)\">{{ signup.coupon_code }}</span></span></span></span></span></div></div>"}]},{"id":3626343,"type":"Flyout","offer_id":1983812,"styles":{"location":"center","width":400,"height":506.667,"bg_color":"rgba(198, 198, 193, 1)","border_color":"#aeaeae","border_width":0,"border_radius":8,"bg_image_align":"center","bg_image_repeat":"no-repeat","bg_align":"center","bg_image_size":"","full_page":false},"auto_show":3000,"auto_show_expiration_time":86400,"has_exit_intent":false,"tracking_custom_js":null,"conversion_custom_js":null,"use_default_styles":false,"scroll_trigger_threshold":0,"tab":{"is_mobile":false,"style":"none","position":"top-left","bg_color":"#7ed321","text":"Special SAVINGS","text_color":"white","photo_url":null,"font":"Lato","messageType":"rerender tab"},"mobile_tab":{"is_mobile":true,"style":"corner","position":"bottom-right","bg_color":"#072a40","text":"Special  SAVINGS","text_color":"white","photo_url":null,"font":"Lato","messageType":"rerender tab"},"options":null,"bg_image_url":"https://assets.privy.com/picture_photos/3509214/medium/d3dd78d7fc944b6c8ffb5e10eb44aa1b?1701217190","elements":[{"id":18990130,"type":"ButtonElement","style":"flat","styles":{"width":352,"height":48,"z_index":7,"top":362.6666259765625,"left":24,"text_color":"#ffffff","text_align":"center","font_size":24,"font":"Abril Fatface","bg_color":"#50e3c2","border_radius":8,"margin_bottom":10,"tab_index":4,"margin_top":0,"font_weight":400,"letter_spacing":0,"is_italic":false,"bg_opacity":100,"border_width":0,"opt_in_font":"Lato","opt_in_font_size":16},"pseudo_type":null,"text":"Reveal  Code"},{"id":18990126,"type":"FormElement","style":"vertical","styles":{"width":352,"margin_bottom":15,"font_size":16,"font_weight":500,"input_height":49,"input_margin":10,"input_bg_color":"#ffffff","input_border_color":"#ffffff","input_border_width":1,"input_border_radius":4,"input_placeholder_color":"#6a6c75","z_index":8,"top":237,"left":24,"margin_top":0,"text_color":"#3c3f4a","text_align":"left","font":"Cousine","letter_spacing":0,"is_italic":false,"bg_opacity":100,"border_width":0,"border_radius":0,"height":108,"tab_index":3,"opt_in_text_color":"#ffffff","opt_in_font":"Lato","opt_in_font_size":16},"pseudo_type":null,"text":null},{"id":22550866,"type":"TextElement","style":null,"styles":{"z_index":5,"width":200,"top":228.3335,"left":100,"margin_bottom":10,"tab_index":2,"margin_top":0,"text_color":"#333333","text_align":"left","font":"Lato","opt_in_font":"Lato","font_size":16,"opt_in_font_size":16,"font_weight":400,"letter_spacing":0,"is_italic":false,"bg_opacity":100,"border_width":0,"border_radius":0},"pseudo_type":null,"text":"<div style=\"font-family: 'Lato'; font-size: 16px; font-weight: 400; letter-spacing: 0px; color: #333333; text-align: left; \"><div style=\"text-align: left;\"><span style=\"color: rgb(39, 39, 39); font-family: &quot;Open Sans&quot;;\">Your text here</span></div></div>"},{"id":18990128,"type":"TextElement","style":null,"styles":{"z_index":3,"width":352,"top":134,"left":24,"margin_bottom":10,"tab_index":1,"height":48,"margin_top":0,"text_color":"#333333","text_align":"left","font":"Lato","font_size":16,"font_weight":400,"letter_spacing":0,"is_italic":false,"bg_opacity":100,"border_width":0,"border_radius":0},"pseudo_type":null,"text":"<div style=\"text-align:left\"><div style=\"text-align:left\"><span style=\"color:rgb(255, 255, 255)\"><strong><span style=\"font-family:Montserrat\"><span style=\"font-size:18px\"><span style=\"letter-spacing:0px\">Enter your email address and name to receive your UNIQUE discount code for 20% OFF. </span></span></span></strong></span></div></div>"},{"id":18990127,"type":"TextElement","style":null,"styles":{"z_index":1,"width":352,"top":418.667,"left":24,"margin_bottom":10,"tab_index":5,"height":68,"margin_top":0,"text_color":"#333333","text_align":"left","font":"Lato","font_size":16,"font_weight":400,"letter_spacing":0,"is_italic":false,"bg_opacity":100,"border_width":0,"border_radius":0},"pseudo_type":null,"text":"<div style=\"text-align:left\"><div style=\"text-align:left\"><span style=\"font-size:8px\"><span style=\"font-weight:400\"><span style=\"color:rgb(44, 52, 76)\"><span style=\"font-family:Cousine\"><span style=\"letter-spacing:0px\">*</span></span></span></span></span><span style=\"font-size:8px\"><span style=\"color:rgb(44, 52, 76)\"><span style=\"letter-spacing:0px\"><span style=\"font-weight:400\"><span style=\"font-family:Cousine\">I agree to receive recurring automated text messages at the phone number provided. Consent is not a condition to purchase. Msg &amp; data rates may apply. Click to view our </span></span></span></span></span><a href=\"{ business.url }\" target=\"_blank\"><span style=\"font-size:8px\"><span style=\"color:rgb(44, 52, 76)\"><span style=\"letter-spacing:0px\"><span style=\"font-weight:400\"><span style=\"font-family:Cousine\">Terms of Service</span></span></span></span></span></a><span style=\"font-size:8px\"><span style=\"color:rgb(44, 52, 76)\"><span style=\"letter-spacing:0px\"><span style=\"font-weight:400\"><span style=\"font-family:Cousine\">.</span></span></span></span></span></div></div>"}]}],"display_preview":null},{"id":3165602,"ends_at":null,"form_config":{"email":{"type":"email","title":"Email","is_required":true,"order":0}},"trigger_conditions":["and",["cart_value","greater_than","0"],["cart_product_ids","contains_any_of","193858573\n199736597\n4317796356\n6586221789286\n6586906378342\n6623409700966\n4425966747750"],["cart_product_ids","does_not_contain_any_of","3498376495206"]],"form_enabled":false,"thank_you_page_enabled":true,"redirect_url":null,"auto_add_coupon":false,"is_ab_variation_of":null,"active":true,"should_captcha":false,"display_config":null,"displays":[{"id":4185010,"type":"ThankYouPage","offer_id":3165602,"styles":{"width":400,"height":240,"overlay_color":"#000000","overlay_opacity":33,"bg_color":"#ffffff","bg_image_align":"left","bg_image_repeat":"no-repeat","border_color":"#272727","border_width":2,"border_radius":5,"has_confetti":1,"confetti_amount":120,"confetti_colors":["#f28416","#e83444","#15ddab","#2b73dd"],"bg_align":"center","full_page":false},"auto_show":-1,"auto_show_expiration_time":null,"has_exit_intent":false,"tracking_custom_js":null,"conversion_custom_js":null,"use_default_styles":false,"scroll_trigger_threshold":0,"tab":{"style":"none","text":"Sign up!","position":"top-right","bg_color":"#1b1e22","text_color":"white","font":"Lato","is_mobile":false},"mobile_tab":{"style":"none","text":"Sign up!","position":"bottom","bg_color":"#1b1e22","text_color":"white","font":"Lato","is_mobile":true},"options":null,"bg_image_url":null,"elements":[{"id":21921628,"type":"TextElement","style":null,"styles":{"z_index":2,"width":260,"top":40,"left":70,"margin_bottom":10,"margin_top":0,"text_color":"#333333","text_align":"center","font":"Lato","opt_in_font":"Lato","font_size":32,"opt_in_font_size":16,"font_weight":300,"letter_spacing":0.5,"is_italic":false,"bg_opacity":100,"border_width":0,"border_radius":0},"pseudo_type":null,"text":"<div style=\"font-family: 'Lato'; font-size: 32px; font-weight: 300; letter-spacing: 0.5px; color: #333333; text-align: center; \">Thanks!</div>"},{"id":21921629,"type":"TextElement","style":null,"styles":{"z_index":1,"width":260,"top":110,"left":70,"margin_bottom":10,"margin_top":0,"text_color":"#333333","text_align":"center","font":"Lato","opt_in_font":"Lato","font_size":17,"opt_in_font_size":16,"font_weight":400,"letter_spacing":0,"is_italic":false,"bg_opacity":100,"border_width":0,"border_radius":0},"pseudo_type":null,"text":"<div style=\"font-family: 'Lato'; font-size: 17px; font-weight: 400; letter-spacing: 0px; color: #333333; text-align: center; \">You're all signed up.</div>"},{"id":21921630,"type":"TextElement","style":null,"styles":{"z_index":0,"width":260,"top":160,"left":70,"margin_bottom":10,"margin_top":0,"text_color":"#333333","text_align":"center","font":"Lato","opt_in_font":"Lato","font_size":14,"opt_in_font_size":16,"font_weight":700,"letter_spacing":0,"is_italic":false,"bg_opacity":100,"border_width":0,"border_radius":0},"pseudo_type":null,"text":"<div style=\"font-family: 'Lato'; font-size: 14px; font-weight: 700; letter-spacing: 0px; color: #333333; text-align: center; \">{{ signup.coupon_code }}</div>"}]},{"id":4185011,"type":"Flyout","offer_id":3165602,"styles":{"location":"right","width":310,"height":331,"bg_color":"rgba(255, 255, 255, 1)","border_color":"#010000","border_width":1,"border_radius":7,"bg_image_align":"left","bg_image_repeat":"no-repeat","bg_align":"center","full_page":false},"auto_show":0,"auto_show_expiration_time":86400,"has_exit_intent":false,"tracking_custom_js":null,"conversion_custom_js":null,"use_default_styles":false,"scroll_trigger_threshold":0,"tab":{"is_mobile":false,"style":"none","position":"top-left","bg_color":"#4a90e2","text":"Sign up!","text_color":"white","photo_url":null,"font":"Lato"},"mobile_tab":{"is_mobile":true,"style":"none","position":"bottom","bg_color":"#4a90e2","text":"Sign up!","text_color":"white","photo_url":null,"font":"Lato"},"options":null,"bg_image_url":null,"elements":[{"id":21921635,"type":"TextElement","style":null,"styles":{"z_index":3,"width":227,"top":17.5,"left":41,"margin_bottom":10,"tab_index":1,"height":53,"margin_top":0,"text_color":"#333333","text_align":"left","font":"Lato","font_size":16,"font_weight":400,"letter_spacing":0,"is_italic":false,"bg_opacity":100,"border_width":0,"border_radius":0},"pseudo_type":null,"text":"<div style=\"text-align:left\"><h2 style=\"text-align:center\"><span style=\"font-family:&quot;Roboto Condensed&quot;\"><strong><span style=\"font-size:24px\"><span style=\"letter-spacing:0px\"><span style=\"color:rgb(64, 64, 50)\">A matching straw hat for you!</span></span></span></strong></span></h2></div>"},{"id":21921634,"type":"FormElement","style":"vertical","styles":{"width":340,"margin_bottom":15,"font_size":16,"font_weight":500,"input_height":46,"input_margin":10,"input_bg_color":"#ffffff","input_border_color":"#9b9b9b","input_border_width":1,"input_border_radius":2,"input_placeholder_color":"#9b9b9b","z_index":2,"top":175,"left":40,"margin_top":0,"text_color":"#4a4a4a","text_align":"left","font":"Lato","letter_spacing":0,"is_italic":false,"bg_opacity":100,"border_width":0,"border_radius":0,"height":56,"opt_in_text_color":"#333333","opt_in_font":"Lato","opt_in_font_size":16},"pseudo_type":null,"text":null},{"id":21921636,"type":"ButtonElement","style":"flat","styles":{"width":340,"height":50,"text_color":"#ffffff","font_size":18,"font":"Open Sans","text_align":"center","bg_color":"#4a90e2","border_radius":4,"z_index":1,"top":235.984375,"left":40,"margin_bottom":10,"margin_top":0,"font_weight":400,"letter_spacing":0,"is_italic":false,"bg_opacity":100,"border_width":0,"opt_in_font":"Lato","opt_in_font_size":16},"pseudo_type":null,"text":"Sign Up"},{"id":21921633,"type":"ButtonElement","style":"flat","styles":{"width":225,"height":56,"z_index":2,"top":262.5,"left":40,"text_color":"#ffffff","text_align":"center","font_size":18,"font":"Bitter","bg_color":"#c73320","border_radius":12,"margin_bottom":10,"tab_index":3,"link":"#","margin_top":0,"font_weight":400,"letter_spacing":0,"is_italic":false,"bg_opacity":100,"border_width":0,"opt_in_font":"Lato","opt_in_font_size":16,"shopifyProductVariantId":32809605333051},"pseudo_type":"cart","text":"Add to cart"},{"id":21921631,"type":"ImageElement","style":null,"styles":{"width":190,"z_index":1,"top":71.5,"left":60,"margin_bottom":10,"tab_index":2,"margin_top":0,"text_color":"#333333","text_align":"left","font":"Lato","opt_in_font":"Lato","font_size":16,"opt_in_font_size":16,"font_weight":400,"letter_spacing":0,"is_italic":false,"bg_opacity":100,"border_width":0,"border_radius":0,"height":208},"pseudo_type":null,"photo_url":"https://assets.privy.com/picture_photos/2395963/medium/43c6b84e685441edb8cb302e007e2de1?1644524275","text":null}]}],"display_preview":null}],"business":{"identifier":"F415A953B9F526CA9D9BCEDD","name":"Salty Scales ","tracking_custom_js":null,"conversion_custom_js":null,"features":{"has_ab_testing":true,"has_audience_targeting":true,"has_auto_sync_segments":true,"has_automate":true,"has_custom_code":true,"has_custom_fields":true,"has_custom_fonts":true,"has_dynamic_fields":true,"has_enterprise_integrations":true,"has_gtm":true,"has_html_elements":true,"has_mobile_only_widget":true,"has_premium_webhooks":true,"has_real_time_notifications":true,"has_redirect_after_signup":true,"has_report_exports":true,"has_unique_coupons":true,"has_url_whitelist":true,"has_user_analytics":true,"has_whitelabel":true,"max_subaccounts":1,"max_user_count":5,"monthly_pageviews":999999999},"settings":{"autofill_enabled":true,"has_klaviyo_js_integration":false,"has_google_analytics":true},"custom_fonts":[{"name":"Roboto Condensed - Light 300","url":"https://fonts.googleapis.com/css2?family=Roboto+Condensed:wght@300&display=swap"}]},"user": {"variations":{}}}